{
  "films": [
    {
      "id": "1",
      "title": "A Day in the Life of Thomas Artimus OJones",
      "synopsis": "In a homage to one of the twentieth and twenty-first century's greatest singers, Tom Jones takes on the role of Thomas Artimus O'Jones and portrays a typical day in the young singer's life. Critics have said it is perhaps one of the most moving pieces of musical theatre ever portrayed on celluloid. Unfortunately for them it was filmed digitally",
      "cast": "Tom Jones",
      "directors": "Pete Behague",
      "showingTimes": "11:45, 13:30, 17:15, 20:45",
      "releaseDate": "03/03/2003",
      "filmStatus": {
        "$numberInt": "1"
      },
      "img": "A Day in the Life of Thomas Artimus OJones.jpg",
      "__v": {
        "$numberInt": "0"
      },
      "url": "https://www.youtube.com/watch?v=fAvH3D3IYXM",
      "review": "Nice dancing"
    },
    {
      "id": "2",
      "title": "Captain Flask and the Lunchbox Kid",
      "synopsis": "Wonkymotion have done it again! Another classic from the stop motion studio",
      "cast": "Captain Flask, The Lunchbox Kid, Lost Souls",
      "directors": "Pete Behague",
      "showingTimes": "11:45, 13:30, 17:15, 20:45",
      "releaseDate": "02/29/2020",
      "filmStatus": {
        "$numberInt": "1"
      },
      "img": "Captain Flask and the Lunchbox Kid.jpg",
      "__v": {
        "$numberInt": "0"
      },
      "url": "https://www.youtube.com/watch?v=rrG-3NoJhns",
      "review": "Daily Splurge: 'Could this be the best film ever made?'\nDaily Spiggot: 'No!'\nThe Bugle: 'BRILLIANT!!!!'\nThe Recorder: 'OUTSTANDINGLY OUTSTANDING'\nThe Rumourmonger: 'Citizen Kane eat your heart out'\nThe Jones Journal: 'Jolly good'\nNeds News: 'Bizarre'\nLizzie''s Log: 'Looks lovely'\nThe Brief: 'At least it''s brief'\nCandid Catalogue: 'Creepy'\nThe Tribune: 'Crawly'\nNew Scientist: 'Tragic'"
    },
    {
      "id": "3",
      "title": "Hair Today - Everyday Life with the Daleks",
      "synopsis": "Wonkymotion's first attempt at breaking into the lucrative Doctor Who franchise. we're sitting back waiting for the money to roll in...",
      "cast": "Some Daleks",
      "directors": "Pete Behague",
      "showingTimes": "11:45, 13:30, 17:15, 20:45",
      "releaseDate": "01/07/2007",
      "filmStatus": {
        "$numberInt": "1"
      },
      "img": "Hair Today - Everyday Life with the Daleks.jpg",
      "__v": {
        "$numberInt": "0"
      },
      "url": "https://www.youtube.com/watch?v=kFZiKoImFaw",
      "review": "Awful, the entire thing ought to be exterminated"
    },
    {
      "id": "100",
      "title": "Thunderbirds",
      "synopsis": "A breakthrough piece heralded as a masterpiece by the critics. Longer, more accomplished. Wonkymotion are now telling a fuller story. The first film to be followed up with an outake reel (though there is only one clip). Note, the term 'masterpiece' is used in the loosest possible way. You may say masterpiece, but others would say dire.",
      "cast": "Virgil played by Minion One",
      "directors": "Pete Behague",
      "showingTimes": "11:45, 13:30, 17:15, 20:45",
      "releaseDate": "12/11/2025",
      "filmStatus": {
        "$numberInt": "2"
      },
      "img": "Thunderbirds.jpg",
      "__v": {
        "$numberInt": "0"
      },
      "url": "https://www.youtube.com/watch?v=4q6z1FMS_mM",
      "review": "Thunderbirds? No, Blunderbirds. They are beneath contempt"
    },
    {
      "id": "101",
      "title": "Where Eagles Dare",
      "synopsis": "An abridged but faithful version of the original using many of the original cast.",
      "cast": "Clint Eastwood, Richard Burton, Donald Trump",
      "directors": "Pete Behague",
      "showingTimes": "11:45, 13:30, 17:15, 20:45",
      "releaseDate": "01/02/2026",
      "filmStatus": {
        "$numberInt": "2"
      },
      "img": "Where Eagles Dare.jpg",
      "__v": {
        "$numberInt": "0"
      },
      "url": "https://www.youtube.com/watch?v=ENrgZ4KAnNw",
      "review": "A triumph but only for those who have no experience of the real world!"
    },
    {
      "id": "102",
      "title": "Hairy Spotter and the Potion of Doom",
      "synopsis": "Wonkymotion have gone with the prevailing zeitgeist and are Proudly presenting their take on a wizard of a movie. Any similarities between factual or fictional wizards is purely coincidental.",
      "cast": "Hairy Spotter, Germione Grainger, Don Squeezely",
      "directors": "Pete Behague",
      "showingTimes": "11:45, 13:30, 17:15, 20:45",
      "releaseDate": "06/07/2007",
      "filmStatus": {
        "$numberInt": "2"
      },
      "img": "Hairy Spotter and the Potion of Doom.jpg",
      "__v": {
        "$numberInt": "0"
      },
      "url": "https://www.youtube.com/watch?v=-_vqx2BsSj0&t=1s",
      "review": "Really?!"
    },
    {
      "id": "103",
      "title": "Jurassic Park",
      "synopsis": "A revamp of the cinema classic. Wonkymotion style!",
      "cast": "Dino the dinasaur",
      "directors": "Pete Behague",
      "showingTimes": "11:45, 13:30, 17:15, 20:45",
      "releaseDate": "06/07/2020",
      "filmStatus": {
        "$numberInt": "2"
      },
      "img": "Jurassic Park.jpg",
      "__v": {
        "$numberInt": "0"
      },
      "url": "https://www.youtube.com/watch?v=bKOr7VfyGQQ&t=1s",
      "review": "Revamp? Reverse Ramp more like. The film was terrible from start to finish. AVOID!"
    },
    {
      "id": "4",
      "title": "Mission Impossible",
      "synopsis": "A Homage to the 60's television programme",
      "cast": "Tom Screws",
      "directors": "Pete Behague",
      "showingTimes": "11:45, 13:30, 17:15, 20:45",
      "releaseDate": "06/14/2020",
      "filmStatus": {
        "$numberInt": "2"
      },
      "img": "Mission Impossible.jpg",
      "__v": {
        "$numberInt": "0"
      },
      "url": "https://www.youtube.com/watch?v=baNhvQ26_I8&t=5s",
      "review": "A Horrible Mess from start to finish"
    },
    {
      "id": "5",
      "title": "Star Trek - The Wonky Generation",
      "synopsis": "Jim, Splock and the rest of the crew are searching for the edge of the universe",
      "cast": "James Splirk, Splock",
      "directors": "Pete Behague",
      "showingTimes": "11:45, 13:30, 17:15, 20:45",
      "releaseDate": "05/13/2019",
      "filmStatus": {
        "$numberInt": "2"
      },
      "img": "Star Trek - The Wonky Generation.jpg",
      "__v": {
        "$numberInt": "0"
      },
      "url": "https://www.youtube.com/watch?v=WKTGQSsIYzo&t=1s",
      "review": "Wonkymotion's first full scale movie making use of many new technical features including, for the first time, Green Screen! The anticipated critical acclaim so desired by all in the production team never actually came to anything. Instead the film was panned.  'Utter dross', 'Painful to watch', 'Where's my supper' and the traditional Eastend cry of 'Leeeve it aaoort' were typical quotes of the time. Hurt and dejected, the crew turned to drink and wanton debauchery. It was a dark time alleviated only by the consumption of large amounts of chocolate."
    },
    {
      "id": "6",
      "title": "Postman Pat in the Heist",
      "synopsis": "So, after months of burning anticipation, the much talked about new Wonkymotion film has been released. Pre-release gossip included discussions about how Wonkymotion have the gall to release anything after their previous disasters. However, in spite of the nay-sayers, Wonkymotion went ahead with the production, sparing no expense on CGI and plasticine and, the word on the street is, this could be Wonkymotion's finest hour.",
      "cast": "Postman Pat, Jess, Mrs Goggins, Ted Glen, Constable Selby",
      "directors": "Pete Behague",
      "showingTimes": "14:01, 15:01, 16:01, 17:01",
      "releaseDate": "02/19/2023",
      "filmStatus": {
        "$numberInt": "2"
      },
      "img": "Postman Pat in the Heist.jpg",
      "__v": {
        "$numberInt": "0"
      },
      "url": "https://www.youtube.com/watch?v=VklXDDIeZKg",
      "review": "A Triumph, Wonkymotion's most popular film to date"
    },
    {
      "id": "7",
      "title": "Indiana Jones and the Dialing of the Doomed Crusading Raiders of the Lost Crystal Temple's Ark of Destiny",
      "synopsis": "It's been a wait but Wonkymotion Proudly announces the release of their new feature film Indiana Jones and the Dialing of the Doomed Crusading Raiders of the Lost Crystal Temple's Ark of Destiny which is based on the Indiana Jones franchise. We are excited to reveal the following quotes from a few privileged critics who had the honour of seeing the film before its formal release. 'It's like a Peter Gabriel music video' Peter Goldsmith, architect (ex RIBA), painter and delivery driver. 'It's very long' Lisa Behague, teacher, secretary, Wonkymotion Head of Quality. 'That's another 10 minutes of my life I won't get back. Why do I always fall for the publicity?' M. Aydupname. 'Please Stop!'' R. Sunak.",
      "cast": "Indiana Jones, Dr Bighat, Mrs Goggins, Jess the Cat, Annoying Kid",
      "directors": "Pete Behague",
      "showingTimes": "15:03, 16:03, 17:03, 18:03",
      "releaseDate": "01/14/2024",
      "filmStatus": {
        "$numberInt": "2"
      },
      "img": "Indiana Jones.jpg",
      "__v": {
        "$numberInt": "0"
      },
      "url": "https://www.youtube.com/watch?v=GOD6udm6vZY",
      "review": "Epically Bad"
    },
    {
      "id": "8",
      "title": "Rebel The Pebble",
      "synopsis": "Wonkymotion's first attempt at a TV style series that you can either binge watch (a la Netflix) or spread over a number of days (a la terrestial TV). The series follows the life of Rebel, a pebble, whose naive innocence may be being abused...WARNING! This series contains disturbing scenes that may not be suitable for all audiences.",
      "cast": "Rebel the Pebble, Flint, Chip, Rebel's Mother, Robo Dog, Pips, Leaves and a Stick",
      "directors": "Pete Behague",
      "showingTimes": "21:17, 21:43, 22:11, 22:37",
      "releaseDate": "04/16/2024",
      "filmStatus": {
        "$numberInt": "2"
      },
      "img": "Rebel The Pebble.jpg",
      "__v": {
        "$numberInt": "0"
      },
      "url": "https://www.youtube.com/watch?v=9PG1fXnNvK8&list=PLhXwRJwI2N-bgSGS-6NfZUgov60FUpxj5",
      "review": "Very, very dark"
    }
  ],
  "filmsCurrent": [
    {
      "id": "1",
      "title": "A Day in the Life of Thomas Artimus OJones",
      "synopsis": "In a homage to one of the twentieth and twenty-first century's greatest singers, Tom Jones takes on the role of Thomas Artimus O'Jones and portrays a typical day in the young singer's life. Critics have said it is perhaps one of the most moving pieces of musical theatre ever portrayed on celluloid. Unfortunately for them it was filmed digitally",
      "cast": "Tom Jones",
      "directors": "Pete Behague",
      "showingTimes": "11:45, 13:30, 17:15, 20:45",
      "releaseDate": "03/03/2003",
      "filmStatus": {
        "$numberInt": "1"
      },
      "img": "A Day in the Life of Thomas Artimus OJones.jpg",
      "__v": {
        "$numberInt": "0"
      },
      "url": "https://www.youtube.com/watch?v=fAvH3D3IYXM",
      "review": "Nice dancing"
    },
    {
      "id": "2",
      "title": "Captain Flask and the Lunchbox Kid",
      "synopsis": "Wonkymotion have done it again! Another classic from the stop motion studio",
      "cast": "Captain Flask, The Lunchbox Kid, Lost Souls",
      "directors": "Pete Behague",
      "showingTimes": "11:45, 13:30, 17:15, 20:45",
      "releaseDate": "02/29/2020",
      "filmStatus": {
        "$numberInt": "1"
      },
      "img": "Captain Flask and the Lunchbox Kid.jpg",
      "__v": {
        "$numberInt": "0"
      },
      "url": "https://www.youtube.com/watch?v=rrG-3NoJhns",
      "review": "Daily Splurge: 'Could this be the best film ever made?'\nDaily Spiggot: 'No!'\nThe Bugle: 'BRILLIANT!!!!'\nThe Recorder: 'OUTSTANDINGLY OUTSTANDING'\nThe Rumourmonger: 'Citizen Kane eat your heart out'\nThe Jones Journal: 'Jolly good'\nNeds News: 'Bizarre'\nLizzie''s Log: 'Looks lovely'\nThe Brief: 'At least it''s brief'\nCandid Catalogue: 'Creepy'\nThe Tribune: 'Crawly'\nNew Scientist: 'Tragic'"
    },
    {
      "id": "3",
      "title": "Hair Today - Everyday Life with the Daleks",
      "synopsis": "Wonkymotion's first attempt at breaking into the lucrative Doctor Who franchise. we're sitting back waiting for the money to roll in...",
      "cast": "Some Daleks",
      "directors": "Pete Behague",
      "showingTimes": "11:45, 13:30, 17:15, 20:45",
      "releaseDate": "01/07/2007",
      "filmStatus": {
        "$numberInt": "1"
      },
      "img": "Hair Today - Everyday Life with the Daleks.jpg",
      "__v": {
        "$numberInt": "0"
      },
      "url": "https://www.youtube.com/watch?v=kFZiKoImFaw",
      "review": "Awful, the entire thing ought to be exterminated"
    },
    {
      "id": "4",
      "title": "Mission Impossible",
      "synopsis": "A Homage to the 60's television programme",
      "cast": "Tom Screws",
      "directors": "Pete Behague",
      "showingTimes": "11:45, 13:30, 17:15, 20:45",
      "releaseDate": "06/14/2020",
      "filmStatus": {
        "$numberInt": "2"
      },
      "img": "Mission Impossible.jpg",
      "__v": {
        "$numberInt": "0"
      },
      "url": "https://www.youtube.com/watch?v=baNhvQ26_I8&t=5s",
      "review": "A Horrible Mess from start to finish"
    },
    {
      "id": "5",
      "title": "Star Trek - The Wonky Generation",
      "synopsis": "Jim, Splock and the rest of the crew are searching for the edge of the universe",
      "cast": "James Splirk, Splock",
      "directors": "Pete Behague",
      "showingTimes": "11:45, 13:30, 17:15, 20:45",
      "releaseDate": "05/13/2019",
      "filmStatus": {
        "$numberInt": "2"
      },
      "img": "Star Trek - The Wonky Generation.jpg",
      "__v": {
        "$numberInt": "0"
      },
      "url": "https://www.youtube.com/watch?v=WKTGQSsIYzo&t=1s",
      "review": "Wonkymotion's first full scale movie making use of many new technical features including, for the first time, Green Screen! The anticipated critical acclaim so desired by all in the production team never actually came to anything. Instead the film was panned.  'Utter dross', 'Painful to watch', 'Where's my supper' and the traditional Eastend cry of 'Leeeve it aaoort' were typical quotes of the time. Hurt and dejected, the crew turned to drink and wanton debauchery. It was a dark time alleviated only by the consumption of large amounts of chocolate."
    },
    {
      "id": "6",
      "title": "Postman Pat in the Heist",
      "synopsis": "So, after months of burning anticipation, the much talked about new Wonkymotion film has been released. Pre-release gossip included discussions about how Wonkymotion have the gall to release anything after their previous disasters. However, in spite of the nay-sayers, Wonkymotion went ahead with the production, sparing no expense on CGI and plasticine and, the word on the street is, this could be Wonkymotion's finest hour.",
      "cast": "Postman Pat, Jess, Mrs Goggins, Ted Glen, Constable Selby",
      "directors": "Pete Behague",
      "showingTimes": "14:01, 15:01, 16:01, 17:01",
      "releaseDate": "02/19/2023",
      "filmStatus": {
        "$numberInt": "2"
      },
      "img": "Postman Pat in the Heist.jpg",
      "__v": {
        "$numberInt": "0"
      },
      "url": "https://www.youtube.com/watch?v=VklXDDIeZKg",
      "review": "Drivel from start to finish. Avoid."
    },
    {
      "id": "8",
      "title": "Rebel The Pebble",
      "synopsis": "Wonkymotion's first attempt at a TV style series that you can either binge watch (a la Netflix) or spread over a number of days (a la terrestial TV). The series follows the life of Rebel, a pebble, whose naive innocence may be being abused...WARNING! This series contains disturbing scenes that may not be suitable for all audiences.",
      "cast": "Rebel the Pebble, Flint, Chip, Rebel's Mother, Robo Dog, Pips, Leaves and a Stick",
      "directors": "Pete Behague",
      "showingTimes": "21:17, 21:43, 22:11, 22:37",
      "releaseDate": "04/16/2024",
      "filmStatus": {
        "$numberInt": "2"
      },
      "img": "Rebel The Pebble.jpg",
      "__v": {
        "$numberInt": "0"
      },
      "url": "https://www.youtube.com/watch?v=9PG1fXnNvK8&list=PLhXwRJwI2N-bgSGS-6NfZUgov60FUpxj5",
      "review": "Very, very dark"
    }
  ],
  "filmsFuture": [
    {
      "id": "100",
      "title": "Thunderbirds",
      "synopsis": "A breakthrough piece heralded as a masterpiece by the critics. Longer, more accomplished. Wonkymotion are now telling a fuller story. The first film to be followed up with an outake reel (though there is only one clip). Note, the term 'masterpiece' is used in the loosest possible way. You may say masterpiece, but others would say dire.",
      "cast": "Virgil played by Minion One",
      "directors": "Pete Behague",
      "showingTimes": "11:45, 13:30, 17:15, 20:45",
      "releaseDate": "12/11/2025",
      "filmStatus": {
        "$numberInt": "2"
      },
      "img": "Thunderbirds.jpg",
      "__v": {
        "$numberInt": "0"
      },
      "url": "https://www.youtube.com/watch?v=4q6z1FMS_mM",
      "review": "Thunderbirds? No, Blunderbirds. They are beneath contempt"
    },
    {
      "id": "101",
      "title": "Where Eagles Dare",
      "synopsis": "An abridged but faithful version of the original using many of the original cast.",
      "cast": "Clint Eastwood, Richard Burton, Donald Trump",
      "directors": "Pete Behague",
      "showingTimes": "11:45, 13:30, 17:15, 20:45",
      "releaseDate": "01/02/2026",
      "filmStatus": {
        "$numberInt": "2"
      },
      "img": "Where Eagles Dare.jpg",
      "__v": {
        "$numberInt": "0"
      },
      "url": "https://www.youtube.com/watch?v=ENrgZ4KAnNw",
      "review": "A triumph but only for those who have no experience of the real world!"
    },
    {
      "id": "102",
      "title": "Hairy Spotter and the Potion of Doom",
      "synopsis": "Wonkymotion have gone with the prevailing zeitgeist and are Proudly presenting their take on a wizard of a movie. Any similarities between factual or fictional wizards is purely coincidental.",
      "cast": "Hairy Spotter, Germione Grainger, Don Squeezely",
      "directors": "Pete Behague",
      "showingTimes": "11:45, 13:30, 17:15, 20:45",
      "releaseDate": "06/07/2007",
      "filmStatus": {
        "$numberInt": "2"
      },
      "img": "Hairy Spotter and the Potion of Doom.jpg",
      "__v": {
        "$numberInt": "0"
      },
      "url": "https://www.youtube.com/watch?v=-_vqx2BsSj0&t=1s",
      "review": "Really?!"
    },
    {
      "id": "103",
      "title": "Jurassic Park",
      "synopsis": "A revamp of the cinema classic. Wonkymotion style!",
      "cast": "Dino the dinasaur",
      "directors": "Pete Behague",
      "showingTimes": "11:45, 13:30, 17:15, 20:45",
      "releaseDate": "06/07/2020",
      "filmStatus": {
        "$numberInt": "2"
      },
      "img": "Jurassic Park.jpg",
      "__v": {
        "$numberInt": "0"
      },
      "url": "https://www.youtube.com/watch?v=bKOr7VfyGQQ&t=1s",
      "review": "Revamp? Reverse Ramp more like. The film was terrible from start to finish. AVOID!"
    },
    {
      "id": "7",
      "title": "Indiana Jones and the Dialing of the Doomed Crusading Raiders of the Lost Crystal Temple's Ark of Destiny",
      "synopsis": "It's been a wait but Wonkymotion Proudly announces the release of their new feature film Indiana Jones and the Dialing of the Doomed Crusading Raiders of the Lost Crystal Temple's Ark of Destiny which is based on the Indiana Jones franchise. We are excited to reveal the following quotes from a few privileged critics who had the honour of seeing the film before its formal release. 'It's like a Peter Gabriel music video' Peter Goldsmith, architect (ex RIBA), painter and delivery driver. 'It's very long' Lisa Behague, teacher, secretary, Wonkymotion Head of Quality. 'That's another 10 minutes of my life I won't get back. Why do I always fall for the publicity?' M. Aydupname. 'Please Stop!'' R. Sunak.",
      "cast": "Indiana Jones, Dr Bighat, Mrs Goggins, Jess the Cat, Annoying Kid",
      "directors": "Pete Behague",
      "showingTimes": "15:03, 16:03, 17:03, 18:03",
      "releaseDate": "01/14/2024",
      "filmStatus": {
        "$numberInt": "2"
      },
      "img": "Indiana Jones.jpg",
      "__v": {
        "$numberInt": "0"
      },
      "url": "https://www.youtube.com/watch?v=GOD6udm6vZY",
      "review": "Epically Bad"
    }
  ],
  "openings": [
    {
      "_id": "1",
      "day": "Monday",
      "opening": "11:00",
      "close": "00:00"
    },
    {
      "_id": "2",
      "day": "Friday",
      "opening": "11:00",
      "close": "02:00"
    },
    {
      "_id": "3",
      "day": "Sunday",
      "opening": "11:00",
      "close": "23:00"
    }
  ],
  "signups": [
    {
      "id": 1,
      "title": "Mr",
      "firstName": "George",
      "lastName": "Harrison",
      "email": "GeorgeH@Beatles.co.uk",
      "phoneNumber": "012312341234",
      "dob": "25/02/1943",
      "gender": "Male"
    },
    {
      "id": 2,
      "title": "Ms",
      "firstName": "Shirley",
      "lastName": "Bassy",
      "email": "ShirleyB@Bassy.co.uk",
      "phoneNumber": "012312341234",
      "dob": "08/37/1937",
      "gender": "Female"
    },
    {
      "title": "",
      "firstName": "Ted",
      "lastName": "Jones",
      "email": "Ted@Ted.com",
      "phoneNumber": "01234567890",
      "dob": "2012-12-12T00:00:00.000Z",
      "gender": "Rather not say",
      "id": 3
    }
  ]
}